행정구역(동읍면)별,항목,2020. 02,2020. 02,2020. 02,2020. 02,2020. 02,2020. 02,2020. 02,2020. 02,2020. 02,2020. 02,2020. 02,2020. 02,2020. 02,2020. 02,2020. 02,2020. 02,2020. 02,2020. 02,2020. 02,2020. 02,2020. 02,2020. 02,2020. 03,2020. 03,2020. 03,2020. 03,2020. 03,2020. 03,2020. 03,2020. 03,2020. 03,2020. 03,2020. 03,2020. 03,2020. 03,2020. 03,2020. 03,2020. 03,2020. 03,2020. 03,2020. 03,2020. 03,2020. 03,2020. 03,2020. 04,2020. 04,2020. 04,2020. 04,2020. 04,2020. 04,2020. 04,2020. 04,2020. 04,2020. 04,2020. 04,2020. 04,2020. 04,2020. 04,2020. 04,2020. 04,2020. 04,2020. 04,2020. 04,2020. 04,2020. 04,2020. 04
행정구역(동읍면)별,항목,계,0 - 4세,5 - 9세,10 - 14세,15 - 19세,20 - 24세,25 - 29세,30 - 34세,35 - 39세,40 - 44세,45 - 49세,50 - 54세,55 - 59세,60 - 64세,65 - 69세,70 - 74세,75 - 79세,80 - 84세,85 - 89세,90 - 94세,95 - 99세,100+,계,0 - 4세,5 - 9세,10 - 14세,15 - 19세,20 - 24세,25 - 29세,30 - 34세,35 - 39세,40 - 44세,45 - 49세,50 - 54세,55 - 59세,60 - 64세,65 - 69세,70 - 74세,75 - 79세,80 - 84세,85 - 89세,90 - 94세,95 - 99세,100+,계,0 - 4세,5 - 9세,10 - 14세,15 - 19세,20 - 24세,25 - 29세,30 - 34세,35 - 39세,40 - 44세,45 - 49세,50 - 54세,55 - 59세,60 - 64세,65 - 69세,70 - 74세,75 - 79세,80 - 84세,85 - 89세,90 - 94세,95 - 99세,100+
제주특별자치도,총인구수 (명),670876,26867,35219,34589,36950,41941,40027,35000,49145,51431,61645,57714,53507,45508,29664,24679,19942,14562,8401,2771,1048,266,670508,26626,35207,34611,36699,41881,39999,34948,48929,51456,61461,57873,53450,45215,30328,24704,19951,14608,8471,2781,1038,272,670595,26476,35232,34670,36556,41750,39959,34993,48769,51416,61449,58071,53414,45301,30608,24654,20033,14649,8479,2810,1033,273
제주특별자치도,남자인구수 (명),337295,13857,18046,18012,19412,22273,21116,17837,24860,26399,32142,30393,27496,22838,14365,11589,8546,5298,2232,443,107,34,337055,13749,18034,18011,19285,22264,21078,17807,24764,26382,32037,30441,27498,22723,14676,11598,8541,5321,2267,440,103,36,337119,13703,18005,18064,19219,22208,21089,17795,24671,26320,32013,30564,27485,22777,14826,11563,8615,5340,2282,444,100,36
제주특별자치도,여자인구수 (명),333581,13010,17173,16577,17538,19668,18911,17163,24285,25032,29503,27321,26011,22670,15299,13090,11396,9264,6169,2328,941,232,333453,12877,17173,16600,17414,19617,18921,17141,24165,25074,29424,27432,25952,22492,15652,13106,11410,9287,6204,2341,935,236,333476,12773,17227,16606,17337,19542,18870,17198,24098,25096,29436,27507,25929,22524,15782,13091,11418,9309,6197,2366,933,237
제주시,총인구수 (명),489456,20441,26648,25924,28117,31912,30674,26733,37063,38032,45250,41821,37889,31561,20192,16317,13060,9512,5507,1924,712,167,489271,20294,26597,25977,27888,31891,30669,26737,36879,38077,45149,41973,37862,31313,20666,16354,13058,9545,5538,1931,703,170,489466,20194,26596,26004,27786,31832,30699,26790,36790,38038,45162,42111,37839,31409,20847,16343,13079,9590,5538,1944,703,172
제주시,남자인구수 (명),245546,10562,13667,13500,14788,16893,16140,13626,18772,19326,23098,21781,19306,15767,9787,7618,5603,3456,1467,296,70,23,245378,10503,13607,13527,14653,16913,16110,13614,18687,19331,23028,21832,19331,15675,10003,7632,5593,3467,1485,297,65,25,245486,10484,13563,13561,14604,16876,16152,13611,18613,19306,23046,21909,19310,15746,10095,7615,5627,3484,1493,303,62,26
제주시,여자인구수 (명),243910,9879,12981,12424,13329,15019,14534,13107,18291,18706,22152,20040,18583,15794,10405,8699,7457,6056,4040,1628,642,144,243893,9791,12990,12450,13235,14978,14559,13123,18192,18746,22121,20141,18531,15638,10663,8722,7465,6078,4053,1634,638,145,243980,9710,13033,12443,13182,14956,14547,13179,18177,18732,22116,20202,18529,15663,10752,8728,7452,6106,4045,1641,641,146
한림읍,총인구수 (명),21326,653,894,872,935,1108,1025,930,1389,1516,1989,1938,1876,1709,1191,1054,893,720,441,118,47,28,21280,638,906,864,928,1102,1022,910,1366,1527,1968,1969,1881,1695,1210,1046,891,722,445,118,45,27,21252,635,903,879,915,1090,1007,912,1349,1525,1964,1982,1872,1698,1219,1049,896,724,437,125,45,26
한림읍,남자인구수 (명),10985,338,471,474,531,625,576,485,736,788,1157,1090,1021,881,592,472,370,235,104,30,5,4,10970,330,477,467,530,627,580,480,724,788,1142,1104,1025,880,600,474,365,234,106,29,4,4,10950,325,476,476,530,622,571,477,714,780,1141,1112,1019,881,606,475,367,237,103,30,4,4
한림읍,여자인구수 (명),10341,315,423,398,404,483,449,445,653,728,832,848,855,828,599,582,523,485,337,88,42,24,10310,308,429,397,398,475,442,430,642,739,826,865,856,815,610,572,526,488,339,89,41,23,10302,310,427,403,385,468,436,435,635,745,823,870,853,817,613,574,529,487,334,95,41,22
애월읍,총인구수 (명),36333,1379,2037,1803,1613,1806,1792,1753,2711,3109,3410,3212,3080,2499,1690,1363,1217,974,561,234,76,14,36359,1375,2030,1823,1591,1798,1798,1759,2707,3102,3413,3219,3077,2493,1727,1370,1210,971,575,233,74,14,36396,1379,2027,1831,1585,1794,1807,1763,2700,3104,3418,3205,3084,2509,1733,1371,1211,980,576,231,74,14
애월읍,남자인구수 (명),18784,718,1083,958,859,997,968,894,1428,1670,1903,1736,1657,1343,852,673,515,357,136,24,9,4,18789,714,1081,972,841,991,974,889,1423,1664,1912,1743,1650,1344,869,670,518,353,144,24,9,4,18806,715,1072,979,835,988,983,885,1424,1668,1920,1727,1658,1354,870,671,524,352,147,22,8,4
애월읍,여자인구수 (명),17549,661,954,845,754,809,824,859,1283,1439,1507,1476,1423,1156,838,690,702,617,425,210,67,10,17570,661,949,851,750,807,824,870,1284,1438,1501,1476,1427,1149,858,700,692,618,431,209,65,10,17590,664,955,852,750,806,824,878,1276,1436,1498,1478,1426,1155,863,700,687,628,429,209,66,10
구좌읍,총인구수 (명),15554,373,585,533,618,725,728,622,1027,1074,1308,1373,1403,1318,899,875,749,675,469,144,50,6,15514,367,586,530,611,716,722,620,1015,1076,1304,1381,1387,1302,921,873,757,678,462,149,51,6,15433,349,580,532,612,708,700,610,998,1067,1298,1395,1380,1308,927,856,762,681,468,145,51,6
구좌읍,남자인구수 (명),8008,195,322,267,325,375,441,312,562,611,810,817,786,689,426,429,308,206,100,21,5,1,7989,196,318,271,321,374,436,310,554,613,809,815,780,685,435,429,311,207,97,22,5,1,7949,192,312,272,322,371,424,303,552,602,804,822,779,684,440,418,317,209,98,22,5,1
구좌읍,여자인구수 (명),7546,178,263,266,293,350,287,310,465,463,498,556,617,629,473,446,441,469,369,123,45,5,7525,171,268,259,290,342,286,310,461,463,495,566,607,617,486,444,446,471,365,127,46,5,7484,157,268,260,290,337,276,307,446,465,494,573,601,624,487,438,445,472,370,123,46,5
조천읍,총인구수 (명),24937,874,1242,1059,1182,1421,1346,1216,1793,1900,2153,2217,2109,1879,1215,1057,938,714,414,140,63,5,24964,867,1244,1069,1160,1419,1354,1230,1793,1902,2140,2225,2120,1853,1253,1051,942,719,419,135,63,6,24995,861,1262,1082,1142,1402,1355,1238,1788,1900,2154,2227,2113,1862,1274,1051,941,716,418,141,60,8
조천읍,남자인구수 (명),12820,472,648,530,651,811,724,637,895,1031,1180,1214,1118,977,601,503,421,259,117,25,5,1,12812,463,648,534,640,808,721,643,896,1029,1159,1221,1128,964,631,498,420,258,121,24,5,1,12828,459,654,544,639,789,733,644,894,1026,1162,1220,1126,965,641,497,423,257,123,26,4,2
조천읍,여자인구수 (명),12117,402,594,529,531,610,622,579,898,869,973,1003,991,902,614,554,517,455,297,115,58,4,12152,404,596,535,520,611,633,587,897,873,981,1004,992,889,622,553,522,461,298,111,58,5,12167,402,608,538,503,613,622,594,894,874,992,1007,987,897,633,554,518,459,295,115,56,6
한경면,총인구수 (명),9045,228,324,269,314,382,332,306,515,643,793,828,803,858,585,499,495,445,301,85,32,8,9050,230,324,274,305,387,332,309,516,647,787,831,807,844,591,505,487,447,302,84,33,8,9021,221,320,273,305,389,331,307,515,640,781,818,810,846,597,504,482,450,304,85,35,8
한경면,남자인구수 (명),4560,107,178,127,172,193,184,150,272,388,479,496,443,429,285,234,207,133,72,10,1,0,4566,108,179,129,167,199,181,154,270,390,475,503,448,416,290,238,206,132,71,9,1,0,4540,106,171,131,165,201,180,151,267,383,469,502,447,420,292,238,201,136,70,9,1,0
한경면,여자인구수 (명),4485,121,146,142,142,189,148,156,243,255,314,332,360,429,300,265,288,312,229,75,31,8,4484,122,145,145,138,188,151,155,246,257,312,328,359,428,301,267,281,315,231,75,32,8,4481,115,149,142,140,188,151,156,248,257,312,316,363,426,305,266,281,314,234,76,34,8
추자면,총인구수 (명),1729,27,43,51,41,66,48,53,73,95,124,145,177,188,148,152,119,99,49,24,7,0,1704,25,43,51,41,66,44,50,71,94,118,142,180,182,151,154,116,97,47,25,7,0,1698,25,43,51,40,64,45,52,69,90,116,141,182,182,151,152,118,97,48,24,8,0
추자면,남자인구수 (명),931,11,23,31,15,32,30,39,46,56,84,97,116,98,74,85,45,34,13,2,0,0,918,10,23,30,16,32,26,36,43,58,79,96,117,98,74,86,44,35,12,3,0,0,914,10,23,30,16,30,27,37,41,54,78,94,119,99,75,86,44,36,12,3,0,0
추자면,여자인구수 (명),798,16,20,20,26,34,18,14,27,39,40,48,61,90,74,67,74,65,36,22,7,0,786,15,20,21,25,34,18,14,28,36,39,46,63,84,77,68,72,62,35,22,7,0,784,15,20,21,24,34,18,15,28,36,38,47,63,83,76,66,74,61,36,21,8,0
우도면,총인구수 (명),1843,52,43,44,63,73,114,107,99,143,158,174,198,141,108,93,76,88,41,24,4,0,1828,49,45,42,60,75,111,108,100,138,159,169,197,138,109,96,76,88,41,24,3,0,1812,48,46,43,60,72,108,101,99,137,157,170,191,143,110,97,73,90,42,22,3,0
우도면,남자인구수 (명),971,22,22,27,22,44,64,61,61,99,98,103,104,81,59,46,21,29,4,4,0,0,963,22,22,26,24,42,62,61,62,92,101,100,104,82,58,48,20,29,4,4,0,0,953,22,21,27,25,41,62,54,60,92,102,99,98,86,60,47,20,28,5,4,0,0
우도면,여자인구수 (명),872,30,21,17,41,29,50,46,38,44,60,71,94,60,49,47,55,59,37,20,4,0,865,27,23,16,36,33,49,47,38,46,58,69,93,56,51,48,56,59,37,20,3,0,859,26,25,16,35,31,46,47,39,45,55,71,93,57,50,50,53,62,37,18,3,0
일도1동,총인구수 (명),2671,42,65,60,85,129,138,114,123,174,203,275,261,321,216,182,122,78,44,24,6,9,2676,42,68,61,84,130,133,116,119,174,202,276,265,314,224,180,126,78,44,25,6,9,2675,41,67,64,84,129,131,118,116,174,194,274,270,318,228,176,128,78,44,26,6,9
일도1동,남자인구수 (명),1401,23,31,31,41,68,77,63,71,101,131,169,144,166,102,85,43,26,16,10,0,3,1405,24,32,32,39,69,76,63,68,99,128,172,148,163,109,83,45,26,16,10,0,3,1411,23,30,35,39,69,76,65,63,101,120,175,152,166,112,83,47,25,17,10,0,3
일도1동,여자인구수 (명),1270,19,34,29,44,61,61,51,52,73,72,106,117,155,114,97,79,52,28,14,6,6,1271,18,36,29,45,61,57,53,51,75,74,104,117,151,115,97,81,52,28,15,6,6,1264,18,37,29,45,60,55,53,53,73,74,99,118,152,116,93,81,53,27,16,6,6
일도2동,총인구수 (명),33578,1259,1731,1838,2091,2362,2129,1766,2224,2346,2883,2767,2873,2447,1526,1241,997,641,309,113,21,14,33493,1246,1706,1836,2075,2344,2115,1779,2224,2320,2905,2763,2844,2416,1568,1249,998,646,310,114,20,15,33405,1233,1687,1818,2067,2337,2121,1772,2215,2294,2889,2749,2854,2413,1594,1245,1011,650,311,109,21,15
일도2동,남자인구수 (명),16538,622,905,956,1091,1288,1107,913,1105,1189,1406,1361,1354,1183,701,559,440,259,76,17,4,2,16477,615,888,950,1091,1270,1094,921,1104,1179,1413,1363,1340,1160,725,563,437,261,80,18,2,3,16429,607,882,939,1086,1263,1103,917,1100,1160,1408,1364,1335,1165,732,564,439,263,79,18,2,3
일도2동,여자인구수 (명),17040,637,826,882,1000,1074,1022,853,1119,1157,1477,1406,1519,1264,825,682,557,382,233,96,17,12,17016,631,818,886,984,1074,1021,858,1120,1141,1492,1400,1504,1256,843,686,561,385,230,96,18,12,16976,626,805,879,981,1074,1018,855,1115,1134,1481,1385,1519,1248,862,681,572,387,232,91,19,12
이도1동,총인구수 (명),7702,222,328,338,421,504,567,427,477,460,613,689,683,618,387,333,249,198,129,39,16,4,7691,218,330,340,413,507,556,430,474,464,611,690,679,610,403,331,250,199,127,39,15,5,7686,215,330,341,411,507,552,425,482,458,614,693,666,617,410,335,247,199,124,41,14,5
이도1동,남자인구수 (명),3797,114,177,189,216,239,273,222,260,234,320,343,320,310,190,165,104,69,43,8,1,0,3806,113,177,192,214,240,272,225,257,238,315,349,321,308,196,165,101,71,42,9,1,0,3809,115,171,190,211,244,268,223,261,237,314,355,316,312,200,168,100,73,41,10,0,0
이도1동,여자인구수 (명),3905,108,151,149,205,265,294,205,217,226,293,346,363,308,197,168,145,129,86,31,15,4,3885,105,153,148,199,267,284,205,217,226,296,341,358,302,207,166,149,128,85,30,14,5,3877,100,159,151,200,263,284,202,221,221,300,338,350,305,210,167,147,126,83,31,14,5
이도2동,총인구수 (명),49942,2040,2844,2967,3400,3749,3692,2866,3870,3820,4632,4059,3661,2911,1865,1442,935,636,380,120,43,10,50011,2013,2840,2972,3379,3764,3735,2900,3822,3829,4647,4064,3658,2903,1909,1446,935,640,380,122,43,10,50040,2011,2835,2968,3366,3758,3730,2918,3794,3827,4649,4111,3654,2908,1920,1450,936,651,377,127,40,10
이도2동,남자인구수 (명),24529,1108,1438,1519,1753,1928,1870,1436,1893,1857,2247,2030,1746,1392,847,666,429,239,113,14,3,1,24570,1089,1442,1521,1739,1947,1879,1461,1860,1861,2262,2030,1757,1384,863,672,434,237,114,15,2,1,24591,1088,1441,1526,1739,1936,1875,1474,1836,1865,2266,2052,1756,1390,869,672,435,241,111,16,2,1
이도2동,여자인구수 (명),25413,932,1406,1448,1647,1821,1822,1430,1977,1963,2385,2029,1915,1519,1018,776,506,397,267,106,40,9,25441,924,1398,1451,1640,1817,1856,1439,1962,1968,2385,2034,1901,1519,1046,774,501,403,266,107,41,9,25449,923,1394,1442,1627,1822,1855,1444,1958,1962,2383,2059,1898,1518,1051,778,501,410,266,111,38,9
삼도1동,총인구수 (명),13743,472,690,665,793,933,834,663,878,992,1262,1164,1022,935,635,670,539,360,166,52,14,4,13711,476,690,663,778,933,838,675,862,990,1243,1159,1022,929,637,673,543,364,169,49,14,4,13697,472,679,664,766,934,841,677,854,990,1243,1161,1021,935,647,672,542,364,168,47,17,3
삼도1동,남자인구수 (명),6754,250,337,319,385,492,447,356,426,506,633,606,518,450,273,284,248,157,58,8,1,0,6740,252,341,317,377,488,450,363,419,506,628,601,520,447,272,287,245,159,60,7,1,0,6727,252,335,317,370,484,451,366,413,505,635,594,522,448,281,285,245,157,59,7,1,0
삼도1동,여자인구수 (명),6989,222,353,346,408,441,387,307,452,486,629,558,504,485,362,386,291,203,108,44,13,4,6971,224,349,346,401,445,388,312,443,484,615,558,502,482,365,386,298,205,109,42,13,4,6970,220,344,347,396,450,390,311,441,485,608,567,499,487,366,387,297,207,109,40,16,3
삼도2동,총인구수 (명),8116,209,274,331,387,465,554,418,497,520,742,732,772,725,400,383,303,213,128,36,17,10,8075,204,276,328,384,460,558,412,488,515,733,726,766,730,402,384,302,211,131,38,16,11,8109,208,275,328,383,466,560,425,496,509,728,742,761,728,401,385,305,211,129,42,16,11
삼도2동,남자인구수 (명),4215,112,152,175,212,273,304,229,273,284,408,392,427,352,213,152,129,82,36,5,4,1,4193,108,152,169,214,268,307,230,273,278,403,386,425,353,216,154,127,83,36,6,3,2,4216,109,152,173,210,276,305,233,281,273,400,400,420,354,218,153,129,82,35,8,3,2
삼도2동,여자인구수 (명),3901,97,122,156,175,192,250,189,224,236,334,340,345,373,187,231,174,131,92,31,13,9,3882,96,124,159,170,192,251,182,215,237,330,340,341,377,186,230,175,128,95,32,13,9,3893,99,123,155,173,190,255,192,215,236,328,342,341,374,183,232,176,129,94,34,13,9
용담1동,총인구수 (명),7241,187,263,285,384,455,454,324,402,478,625,696,673,580,411,365,305,178,121,35,15,5,7226,187,261,282,378,457,462,312,393,470,634,695,680,576,414,362,309,177,121,35,16,5,7213,185,266,281,373,462,460,310,389,472,626,695,666,594,410,359,311,176,122,35,16,5
용담1동,남자인구수 (명),3733,95,142,154,202,247,247,190,204,262,339,378,342,307,190,174,140,76,35,7,1,1,3724,94,141,151,198,253,251,178,202,263,339,375,348,305,192,172,141,77,35,6,2,1,3709,95,139,152,194,255,247,178,199,262,332,378,342,310,190,172,143,77,35,6,2,1
용담1동,여자인구수 (명),3508,92,121,131,182,208,207,134,198,216,286,318,331,273,221,191,165,102,86,28,14,4,3502,93,120,131,180,204,211,134,191,207,295,320,332,271,222,190,168,100,86,29,14,4,3504,90,127,129,179,207,213,132,190,210,294,317,324,284,220,187,168,99,87,29,14,4
용담2동,총인구수 (명),15051,503,636,722,773,1008,960,757,923,990,1257,1317,1248,1157,831,669,604,375,213,72,27,9,15037,503,641,712,759,1011,940,759,927,989,1248,1328,1250,1139,854,667,601,385,216,72,26,10,15010,505,637,709,758,1002,943,751,924,1002,1233,1325,1251,1142,855,666,598,384,218,70,27,10
용담2동,남자인구수 (명),7572,251,313,388,400,518,552,413,486,521,669,682,632,554,408,303,261,147,63,8,3,0,7569,252,315,378,394,516,546,410,494,519,665,692,635,546,417,305,261,149,64,8,3,0,7569,255,315,378,391,513,554,408,488,529,654,694,634,545,421,302,262,150,66,7,3,0
용담2동,여자인구수 (명),7479,252,323,334,373,490,408,344,437,469,588,635,616,603,423,366,343,228,150,64,24,9,7468,251,326,334,365,495,394,349,433,470,583,636,615,593,437,362,340,236,152,64,23,10,7441,250,322,331,367,489,389,343,436,473,579,631,617,597,434,364,336,234,152,63,24,10
건입동,총인구수 (명),9209,297,384,378,410,579,551,440,600,618,714,758,824,826,584,440,379,230,117,54,20,6,9202,296,386,377,410,580,551,436,599,602,727,758,822,824,587,443,375,233,119,52,19,6,9170,291,392,381,412,576,546,430,592,604,726,752,809,829,581,447,372,234,119,50,21,6
건입동,남자인구수 (명),4705,146,188,205,222,331,287,222,321,340,388,412,427,417,274,225,162,81,43,13,0,1,4694,144,188,206,222,326,286,217,325,331,393,412,426,421,273,225,160,83,43,12,0,1,4680,140,194,206,223,326,285,218,321,326,393,407,418,424,275,227,161,78,44,13,0,1
건입동,여자인구수 (명),4504,151,196,173,188,248,264,218,279,278,326,346,397,409,310,215,217,149,74,41,20,5,4508,152,198,171,188,254,265,219,274,271,334,346,396,403,314,218,215,150,76,40,19,5,4490,151,198,175,189,250,261,212,271,278,333,345,391,405,306,220,211,156,75,37,21,5
화북동,총인구수 (명),24801,1094,1540,1590,1536,1724,1522,1220,1866,1935,2251,2112,1981,1507,969,684,534,392,228,70,39,7,24743,1093,1521,1596,1529,1719,1507,1209,1854,1950,2235,2113,1974,1492,988,697,538,387,224,72,39,6,24756,1102,1515,1586,1520,1708,1506,1239,1847,1950,2238,2102,1988,1490,1000,695,541,382,228,73,39,7
화북동,남자인구수 (명),12383,550,806,855,819,922,790,621,943,989,1116,1022,1004,731,489,305,215,135,61,7,2,1,12351,551,795,863,815,920,781,617,930,998,1115,1021,994,721,502,307,219,133,58,7,3,1,12341,556,784,856,807,918,775,636,921,996,1120,1014,1002,724,502,305,223,131,59,8,3,1
화북동,여자인구수 (명),12418,544,734,735,717,802,732,599,923,946,1135,1090,977,776,480,379,319,257,167,63,37,6,12392,542,726,733,714,799,726,592,924,952,1120,1092,980,771,486,390,319,254,166,65,36,5,12415,546,731,730,713,790,731,603,926,954,1118,1088,986,766,498,390,318,251,169,65,36,6
삼양동,총인구수 (명),25729,1706,2131,1609,1457,1475,1418,1577,2613,2505,2200,1810,1521,1265,785,603,437,329,173,73,41,1,25756,1688,2140,1632,1443,1474,1416,1576,2586,2539,2201,1827,1507,1255,807,606,434,336,175,73,40,1,25726,1680,2153,1634,1440,1471,1407,1579,2564,2543,2209,1831,1500,1239,808,610,433,338,174,72,40,1
삼양동,남자인구수 (명),12962,879,1118,829,773,803,719,768,1318,1280,1130,921,777,607,370,297,166,138,50,15,4,0,12949,866,1124,839,761,800,708,767,1314,1292,1122,926,771,610,373,301,164,142,50,15,4,0,12935,875,1127,840,763,792,707,764,1296,1299,1122,925,765,604,375,305,165,142,50,15,4,0
삼양동,여자인구수 (명),12767,827,1013,780,684,672,699,809,1295,1225,1070,889,744,658,415,306,271,191,123,58,37,1,12807,822,1016,793,682,674,708,809,1272,1247,1079,901,736,645,434,305,270,194,125,58,36,1,12791,805,1026,794,677,679,700,815,1268,1244,1087,906,735,635,433,305,268,196,124,57,36,1
봉개동,총인구수 (명),5265,340,220,198,251,343,364,372,430,348,431,405,369,334,217,195,180,140,87,30,10,1,5258,346,221,200,248,333,361,370,433,348,428,405,368,328,224,196,178,140,88,32,10,1,5272,351,222,199,246,327,363,362,447,353,428,404,371,328,226,198,175,139,91,32,9,1
봉개동,남자인구수 (명),2739,178,123,111,139,189,171,190,239,183,232,221,215,176,115,91,79,51,31,4,1,0,2747,183,126,113,139,187,171,190,239,182,234,221,214,176,116,91,77,52,31,4,1,0,2750,186,126,113,137,188,173,183,244,183,236,217,213,176,118,91,76,53,32,4,1,0
봉개동,여자인구수 (명),2526,162,97,87,112,154,193,182,191,165,199,184,154,158,102,104,101,89,56,26,9,1,2511,163,95,87,109,146,190,180,194,166,194,184,154,152,108,105,101,88,57,28,9,1,2522,165,96,86,109,139,190,179,203,170,192,187,158,152,108,107,99,86,59,28,8,1
아라동,총인구수 (명),34955,2173,2276,2106,2180,2408,2299,2309,3209,2914,3457,2687,2128,1708,1033,725,579,402,226,101,24,11,35008,2161,2286,2107,2159,2441,2320,2305,3202,2916,3451,2711,2129,1689,1071,722,584,396,224,101,22,11,35144,2142,2288,2129,2147,2454,2343,2310,3225,2915,3471,2715,2154,1701,1090,717,586,397,224,102,23,11
아라동,남자인구수 (명),17399,1135,1104,1042,1053,1215,1153,1149,1614,1457,1720,1459,1082,857,548,341,245,147,55,14,7,2,17404,1135,1097,1037,1045,1225,1160,1144,1615,1456,1715,1474,1082,858,555,339,245,147,54,14,5,2,17486,1126,1097,1046,1042,1231,1168,1143,1639,1450,1728,1480,1098,867,564,334,249,149,54,14,5,2
아라동,여자인구수 (명),17556,1038,1172,1064,1127,1193,1146,1160,1595,1457,1737,1228,1046,851,485,384,334,255,171,87,17,9,17604,1026,1189,1070,1114,1216,1160,1161,1587,1460,1736,1237,1047,831,516,383,339,249,170,87,17,9,17658,1016,1191,1083,1105,1223,1175,1167,1586,1465,1743,1235,1056,834,526,383,337,248,170,88,18,9
오라동,총인구수 (명),15425,1155,1105,802,910,907,939,1100,1534,1394,1346,1153,932,765,412,346,271,182,103,42,21,6,15522,1162,1122,813,904,915,927,1108,1539,1418,1335,1173,940,769,418,344,274,188,100,46,21,6,15611,1151,1136,821,899,927,946,1126,1537,1426,1344,1173,946,780,424,344,271,189,98,46,21,6
오라동,남자인구수 (명),7788,577,541,450,506,492,514,525,770,713,674,570,459,393,212,169,116,72,25,7,2,1,7835,584,551,453,502,494,506,526,774,725,670,579,465,394,216,167,119,75,25,7,2,1,7877,586,549,458,500,504,515,530,772,730,674,581,464,401,216,168,118,76,25,7,2,1
오라동,여자인구수 (명),7637,578,564,352,404,415,425,575,764,681,672,583,473,372,200,177,155,110,78,35,19,5,7687,578,571,360,402,421,421,582,765,693,665,594,475,375,202,177,155,113,75,39,19,5,7734,565,587,363,399,423,431,596,765,696,670,592,482,379,208,176,153,113,73,39,19,5
연동,총인구수 (명),41486,1339,1881,2041,2269,3241,3612,2732,3294,3217,3976,3700,3293,2656,1567,1126,721,440,258,85,34,4,41435,1332,1871,2037,2272,3215,3616,2739,3253,3243,3953,3703,3292,2630,1602,1128,722,436,264,87,36,4,41500,1323,1865,2050,2267,3219,3631,2752,3246,3238,3958,3726,3284,2626,1621,1132,728,443,260,91,35,5
연동,남자인구수 (명),20329,693,945,1076,1183,1576,1893,1417,1673,1516,1850,1818,1543,1268,747,529,343,170,70,15,4,0,20290,696,938,1072,1189,1566,1899,1411,1655,1528,1842,1797,1550,1252,764,524,344,170,71,18,4,0,20323,690,927,1077,1184,1574,1903,1423,1656,1529,1843,1810,1549,1250,772,524,345,175,69,19,4,0
연동,여자인구수 (명),21157,646,936,965,1086,1665,1719,1315,1621,1701,2126,1882,1750,1388,820,597,378,270,188,70,30,4,21145,636,933,965,1083,1649,1717,1328,1598,1715,2111,1906,1742,1378,838,604,378,266,193,69,32,4,21177,633,938,973,1083,1645,1728,1329,1590,1709,2115,1916,1735,1376,849,608,383,268,191,72,31,5
노형동,총인구수 (명),54244,2226,3110,3491,4226,4238,3626,2944,3926,4190,5774,5194,4009,2698,1621,1132,820,559,293,115,50,2,54193,2202,3069,3495,4197,4233,3623,2912,3954,4178,5767,5218,4017,2681,1679,1134,820,558,297,108,49,2,54254,2206,3057,3472,4201,4231,3641,2898,3946,4155,5780,5269,4025,2691,1697,1138,824,568,298,108,47,2
노형동,남자인구수 (명),26643,1172,1595,1821,2261,2231,1904,1467,1861,1895,2615,2550,2034,1316,760,516,346,202,75,17,5,0,26620,1167,1565,1832,2222,2257,1900,1456,1876,1891,2605,2554,2038,1313,787,516,341,202,78,15,5,0,26666,1173,1564,1829,2217,2249,1920,1437,1870,1889,2618,2582,2037,1323,793,513,346,205,82,14,5,0
노형동,여자인구수 (명),27601,1054,1515,1670,1965,2007,1722,1477,2065,2295,3159,2644,1975,1382,861,616,474,357,218,98,45,2,27573,1035,1504,1663,1975,1976,1723,1456,2078,2287,3162,2664,1979,1368,892,618,479,356,219,93,44,2,27588,1033,1493,1643,1984,1982,1721,1461,2076,2266,3162,2687,1988,1368,904,625,478,363,216,94,42,2
외도동,총인구수 (명),21757,1243,1638,1506,1398,1315,1146,1271,2005,2049,2269,1705,1318,947,584,462,382,280,152,64,22,1,21773,1228,1636,1507,1397,1323,1148,1267,1992,2058,2255,1716,1327,954,594,467,375,286,153,67,22,1,21805,1213,1644,1505,1398,1325,1134,1264,2004,2074,2256,1737,1321,962,595,468,377,282,154,68,23,1
외도동,남자인구수 (명),10943,632,809,786,751,728,592,624,997,1008,1139,918,688,472,284,213,165,89,39,8,1,0,10942,627,800,790,746,738,592,620,989,1009,1129,922,695,479,289,213,164,91,40,8,1,0,10964,620,807,785,752,740,586,620,980,1021,1134,925,697,488,290,213,165,89,43,8,1,0
외도동,여자인구수 (명),10814,611,829,720,647,587,554,647,1008,1041,1130,787,630,475,300,249,217,191,113,56,21,1,10831,601,836,717,651,585,556,647,1003,1049,1126,794,632,475,305,254,211,195,113,59,21,1,10841,593,837,720,646,585,548,644,1024,1053,1122,812,624,474,305,255,212,193,111,60,22,1
이호동,총인구수 (명),4553,201,199,204,235,313,300,271,327,328,404,417,387,333,181,144,137,98,52,14,8,0,4560,201,196,205,235,311,301,268,333,321,407,419,388,331,186,148,137,98,53,14,8,0,4576,206,205,205,236,303,309,270,337,321,410,419,382,328,188,146,135,101,54,14,7,0
이호동,남자인구수 (명),2360,94,106,109,133,172,154,149,174,187,219,212,200,179,100,60,58,37,16,1,0,0,2367,92,103,110,134,172,157,146,177,184,222,213,204,175,103,63,58,37,16,1,0,0,2372,94,108,110,132,170,164,144,177,186,224,214,197,173,103,62,57,39,17,1,0,0
이호동,여자인구수 (명),2193,107,93,95,102,141,146,122,153,141,185,205,187,154,81,84,79,61,36,13,8,0,2193,109,93,95,101,139,144,122,156,137,185,206,184,156,83,85,79,61,37,13,8,0,2204,112,97,95,104,133,145,126,160,135,186,205,185,155,85,84,78,62,37,13,7,0
도두동,총인구수 (명),3221,147,165,162,145,183,184,175,258,274,276,294,288,236,132,82,79,66,52,16,5,2,3202,145,159,161,148,178,179,178,257,267,278,293,285,236,137,82,78,65,52,17,5,2,3210,141,162,158,153,177,182,181,257,270,278,295,284,232,141,80,76,66,52,18,5,2
도두동,남자인구수 (명),1697,68,90,71,73,104,99,94,144,161,151,164,149,139,75,42,27,26,16,2,2,0,1688,68,84,73,73,104,95,96,144,158,151,163,146,141,78,42,27,24,17,2,2,0,1691,65,86,72,75,102,97,98,144,160,149,166,147,137,80,42,26,24,17,2,2,0
도두동,여자인구수 (명),1524,79,75,91,72,79,85,81,114,113,125,130,139,97,57,40,52,40,36,14,3,2,1514,77,75,88,75,74,84,82,113,109,127,130,139,95,59,40,51,41,35,15,3,2,1519,76,76,86,78,75,85,83,113,110,129,129,137,95,61,38,50,42,35,16,3,2
서귀포시,총인구수 (명),181420,6426,8571,8665,8833,10029,9353,8267,12082,13399,16395,15893,15618,13947,9472,8362,6882,5050,2894,847,336,99,181237,6332,8610,8634,8811,9990,9330,8211,12050,13379,16312,15900,15588,13902,9662,8350,6893,5063,2933,850,335,102,181129,6282,8636,8666,8770,9918,9260,8203,11979,13378,16287,15960,15575,13892,9761,8311,6954,5059,2941,866,330,101
서귀포시,남자인구수 (명),91749,3295,4379,4512,4624,5380,4976,4211,6088,7073,9044,8612,8190,7071,4578,3971,2943,1842,765,147,37,11,91677,3246,4427,4484,4632,5351,4968,4193,6077,7051,9009,8609,8167,7048,4673,3966,2948,1854,782,143,38,11,91633,3219,4442,4503,4615,5332,4937,4184,6058,7014,8967,8655,8175,7031,4731,3948,2988,1856,789,141,38,10
서귀포시,여자인구수 (명),89671,3131,4192,4153,4209,4649,4377,4056,5994,6326,7351,7281,7428,6876,4894,4391,3939,3208,2129,700,299,88,89560,3086,4183,4150,4179,4639,4362,4018,5973,6328,7303,7291,7421,6854,4989,4384,3945,3209,2151,707,297,91,89496,3063,4194,4163,4155,4586,4323,4019,5921,6364,7320,7305,7400,6861,5030,4363,3966,3203,2152,725,292,91
대정읍,총인구수 (명),21329,619,1158,1272,1169,947,866,758,1329,1771,2185,1820,1697,1520,1063,963,884,683,434,122,52,17,21338,617,1168,1257,1177,955,863,754,1324,1767,2187,1812,1699,1503,1094,959,884,687,443,120,49,19,21313,603,1171,1257,1173,952,861,756,1315,1760,2185,1822,1703,1485,1111,951,890,690,439,122,48,19
대정읍,남자인구수 (명),10417,326,613,664,592,541,433,371,577,859,1126,1001,842,781,497,438,371,233,126,19,4,3,10424,322,626,654,597,547,430,367,580,852,1123,998,847,768,512,438,369,239,129,19,4,3,10414,314,627,650,601,544,425,371,583,847,1116,999,855,759,522,438,367,247,124,18,4,3
대정읍,여자인구수 (명),10912,293,545,608,577,406,433,387,752,912,1059,819,855,739,566,525,513,450,308,103,48,14,10914,295,542,603,580,408,433,387,744,915,1064,814,852,735,582,521,515,448,314,101,45,16,10899,289,544,607,572,408,436,385,732,913,1069,823,848,726,589,513,523,443,315,104,44,16
남원읍,총인구수 (명),18854,528,680,729,894,1073,885,714,986,1166,1600,1733,1859,1596,1085,1007,985,764,406,106,49,9,18824,517,681,732,885,1075,872,725,976,1168,1601,1727,1843,1600,1099,998,985,767,408,106,50,9,18813,504,689,739,885,1051,875,710,967,1170,1604,1741,1838,1612,1103,997,988,763,409,110,50,8
남원읍,남자인구수 (명),9716,277,364,368,489,611,483,366,520,646,913,971,1031,811,524,493,418,287,112,23,9,0,9692,273,364,369,485,606,472,372,517,644,917,963,1025,811,529,492,419,287,116,22,9,0,9688,264,370,372,491,596,474,359,517,635,921,965,1029,812,536,492,420,284,119,23,9,0
남원읍,여자인구수 (명),9138,251,316,361,405,462,402,348,466,520,687,762,828,785,561,514,567,477,294,83,40,9,9132,244,317,363,400,469,400,353,459,524,684,764,818,789,570,506,566,480,292,84,41,9,9125,240,319,367,394,455,401,351,450,535,683,776,809,800,567,505,568,479,290,87,41,8
성산읍,총인구수 (명),15434,406,531,529,538,781,719,648,864,956,1211,1470,1673,1528,971,835,685,576,355,111,40,7,15341,398,524,522,532,771,720,641,856,946,1196,1466,1652,1517,992,827,686,576,361,111,40,7,15290,399,524,525,522,748,712,644,843,941,1189,1458,1656,1526,1001,816,692,578,355,114,39,8
성산읍,남자인구수 (명),8075,212,258,281,282,416,424,350,476,547,737,832,910,820,525,426,275,203,77,20,4,0,8040,208,254,275,278,413,430,347,473,542,730,842,894,817,532,425,273,204,79,20,4,0,8016,207,251,276,274,400,430,349,465,538,727,836,898,820,539,420,278,205,81,18,4,0
성산읍,여자인구수 (명),7359,194,273,248,256,365,295,298,388,409,474,638,763,708,446,409,410,373,278,91,36,7,7301,190,270,247,254,358,290,294,383,404,466,624,758,700,460,402,413,372,282,91,36,7,7274,192,273,249,248,348,282,295,378,403,462,622,758,706,462,396,414,373,274,96,35,8
안덕면,총인구수 (명),12044,368,531,472,493,695,761,574,716,902,1057,1135,1008,920,613,581,492,397,206,73,43,7,12020,367,526,477,493,684,759,554,728,895,1047,1135,1022,910,626,579,490,402,204,73,42,7,11980,368,511,497,498,666,753,553,721,901,1025,1142,1020,905,630,562,500,403,206,71,42,6
안덕면,남자인구수 (명),6224,170,275,257,269,357,440,304,384,472,626,649,553,482,311,284,200,137,39,11,2,2,6228,169,276,261,266,358,438,298,386,477,619,644,564,479,318,282,199,140,39,11,2,2,6190,169,264,276,266,356,429,292,384,476,600,654,565,470,320,274,204,141,37,10,2,1
안덕면,여자인구수 (명),5820,198,256,215,224,338,321,270,332,430,431,486,455,438,302,297,292,260,167,62,41,5,5792,198,250,216,227,326,321,256,342,418,428,491,458,431,308,297,291,262,165,62,40,5,5790,199,247,221,232,310,324,261,337,425,425,488,455,435,310,288,296,262,169,61,40,5
표선면,총인구수 (명),12252,331,480,472,469,653,618,446,709,865,1101,1185,1222,1070,768,633,541,388,219,52,22,8,12263,329,482,479,468,655,622,445,699,862,1101,1170,1233,1077,776,627,547,386,223,52,22,8,12286,334,495,479,461,649,617,443,698,865,1108,1179,1234,1063,787,629,545,391,224,56,21,8
표선면,남자인구수 (명),6311,157,259,267,236,375,344,219,359,495,643,632,650,548,376,317,231,139,56,7,1,0,6308,157,265,271,236,370,348,217,356,493,636,630,653,544,382,313,233,140,56,7,1,0,6316,162,272,273,228,369,347,216,356,489,637,637,647,539,390,312,233,144,56,8,1,0
표선면,여자인구수 (명),5941,174,221,205,233,278,274,227,350,370,458,553,572,522,392,316,310,249,163,45,21,8,5955,172,217,208,232,285,274,228,343,369,465,540,580,533,394,314,314,246,167,45,21,8,5970,172,223,206,233,280,270,227,342,376,471,542,587,524,397,317,312,247,168,48,20,8
송산동,총인구수 (명),4263,100,146,177,195,231,207,160,237,277,368,389,400,381,280,270,195,140,71,24,8,7,4245,99,151,172,195,222,206,160,235,275,363,384,403,377,281,276,197,138,70,26,8,7,4223,96,151,164,197,217,208,161,231,278,358,377,405,376,284,267,201,139,70,26,9,8
송산동,남자인구수 (명),2246,60,74,87,120,119,119,81,127,163,224,212,217,198,156,116,93,61,11,5,1,2,2235,58,78,83,120,118,119,83,125,158,225,209,216,195,159,117,94,58,12,5,1,2,2224,55,78,80,120,116,121,82,123,159,224,206,217,195,160,110,98,59,13,4,2,2
송산동,여자인구수 (명),2017,40,72,90,75,112,88,79,110,114,144,177,183,183,124,154,102,79,60,19,7,5,2010,41,73,89,75,104,87,77,110,117,138,175,187,182,122,159,103,80,58,21,7,5,1999,41,73,84,77,101,87,79,108,119,134,171,188,181,124,157,103,80,57,22,7,6
정방동,총인구수 (명),2259,61,69,71,75,98,105,89,147,148,196,222,233,246,158,130,90,55,39,14,10,3,2243,58,74,69,73,100,99,86,144,149,194,214,234,245,163,130,92,54,39,13,10,3,2238,58,78,70,71,99,98,82,148,145,197,209,230,245,167,128,94,54,38,14,10,3
정방동,남자인구수 (명),1137,29,42,37,41,45,64,50,77,68,127,107,112,121,74,60,43,21,12,3,3,1,1130,28,44,35,41,45,61,49,75,67,128,106,108,125,78,58,43,21,12,2,3,1,1123,29,45,37,41,42,60,49,72,67,125,103,110,125,79,57,44,20,12,2,3,1
정방동,여자인구수 (명),1122,32,27,34,34,53,41,39,70,80,69,115,121,125,84,70,47,34,27,11,7,2,1113,30,30,34,32,55,38,37,69,82,66,108,126,120,85,72,49,33,27,11,7,2,1115,29,33,33,30,57,38,33,76,78,72,106,120,120,88,71,50,34,26,12,7,2
중앙동,총인구수 (명),3662,90,116,107,165,181,184,131,187,225,292,340,424,386,270,199,176,110,63,10,3,3,3634,86,114,106,160,183,179,122,186,224,290,333,430,386,273,197,176,109,65,9,3,3,3634,90,114,106,164,180,179,125,185,219,288,327,439,379,273,200,179,107,65,9,3,3
중앙동,남자인구수 (명),1735,46,48,64,75,98,106,72,90,118,160,175,200,150,105,80,80,44,20,3,1,0,1711,44,47,63,74,98,101,67,89,115,159,168,201,150,110,79,78,43,22,2,1,0,1720,45,47,65,75,96,100,66,91,114,158,166,212,147,110,79,82,43,21,2,1,0
중앙동,여자인구수 (명),1927,44,68,43,90,83,78,59,97,107,132,165,224,236,165,119,96,66,43,7,2,3,1923,42,67,43,86,85,78,55,97,109,131,165,229,236,163,118,98,66,43,7,2,3,1914,45,67,41,89,84,79,59,94,105,130,161,227,232,163,121,97,64,44,7,2,3
천지동,총인구수 (명),3535,98,80,110,154,173,180,164,213,221,337,310,392,323,238,218,150,99,52,16,5,2,3546,97,82,111,153,169,179,165,215,224,335,316,389,325,240,219,148,98,58,15,6,2,3545,95,85,111,156,163,176,160,216,218,332,323,392,330,241,219,149,96,60,15,6,2
천지동,남자인구수 (명),1804,49,44,60,80,89,101,89,117,120,184,175,204,169,94,96,71,42,12,6,2,0,1811,48,47,63,78,87,100,92,115,123,182,180,204,167,95,95,72,42,13,6,2,0,1803,47,46,62,80,83,99,91,117,116,182,183,205,167,95,95,72,41,14,6,2,0
천지동,여자인구수 (명),1731,49,36,50,74,84,79,75,96,101,153,135,188,154,144,122,79,57,40,10,3,2,1735,49,35,48,75,82,79,73,100,101,153,136,185,158,145,124,76,56,45,9,4,2,1742,48,39,49,76,80,77,69,99,102,150,140,187,163,146,124,77,55,46,9,4,2
효돈동,총인구수 (명),5270,174,192,211,214,306,249,230,330,312,440,430,499,467,305,312,232,195,130,29,6,7,5287,178,192,213,215,305,253,234,333,312,440,428,500,461,309,315,231,195,132,29,5,7,5272,178,198,208,210,307,244,238,327,308,444,423,504,460,311,313,234,189,134,31,5,6
효돈동,남자인구수 (명),2673,76,105,114,115,144,130,115,184,192,240,246,260,238,150,144,95,78,41,4,2,0,2680,75,108,113,118,142,127,120,184,192,240,245,263,236,152,144,95,78,42,4,2,0,2666,73,110,111,113,142,121,124,180,187,243,245,265,237,151,141,97,76,44,4,2,0
효돈동,여자인구수 (명),2597,98,87,97,99,162,119,115,146,120,200,184,239,229,155,168,137,117,89,25,4,7,2607,103,84,100,97,163,126,114,149,120,200,183,237,225,157,171,136,117,90,25,3,7,2606,105,88,97,97,165,123,114,147,121,201,178,239,223,160,172,137,113,90,27,3,6
영천동,총인구수 (명),5281,119,195,204,256,346,253,184,270,293,504,511,485,429,283,314,264,181,131,38,16,5,5297,117,197,199,252,351,260,188,272,288,506,517,484,428,288,314,265,184,127,38,17,5,5288,115,201,198,242,350,265,190,274,284,499,517,476,436,290,315,266,181,127,40,17,5
영천동,남자인구수 (명),2691,62,84,111,131,186,139,90,153,162,277,270,272,232,129,153,123,72,40,4,0,1,2698,60,83,109,128,190,142,93,155,159,279,275,272,229,132,153,122,73,39,4,0,1,2700,60,86,108,125,193,145,94,155,157,273,278,266,232,133,155,124,71,39,5,0,1
영천동,여자인구수 (명),2590,57,111,93,125,160,114,94,117,131,227,241,213,197,154,161,141,109,91,34,16,4,2599,57,114,90,124,161,118,95,117,129,227,242,212,199,156,161,143,111,88,34,17,4,2588,55,115,90,117,157,120,96,119,127,226,239,210,204,157,160,142,110,88,35,17,4
동홍동,총인구수 (명),23136,886,1323,1539,1652,1543,1257,1004,1587,1755,2242,2067,1784,1490,961,801,628,341,195,58,20,3,23187,867,1334,1535,1654,1544,1253,1001,1579,1772,2239,2098,1779,1500,977,802,628,345,198,59,20,3,23179,862,1324,1532,1653,1541,1245,1009,1564,1778,2230,2111,1766,1504,994,804,629,351,202,56,21,3
동홍동,남자인구수 (명),11336,440,653,771,874,827,637,516,767,859,1130,1028,893,707,425,352,276,118,54,7,1,1,11361,436,661,765,884,822,631,517,758,870,1138,1038,881,719,426,355,276,121,54,7,1,1,11358,435,656,761,883,825,626,518,751,879,1128,1047,875,716,435,357,279,124,54,7,1,1
동홍동,여자인구수 (명),11800,446,670,768,778,716,620,488,820,896,1112,1039,891,783,536,449,352,223,141,51,19,2,11826,431,673,770,770,722,622,484,821,902,1101,1060,898,781,551,447,352,224,144,52,19,2,11821,427,668,771,770,716,619,491,813,899,1102,1064,891,788,559,447,350,227,148,49,20,2
서홍동,총인구수 (명),10470,479,725,759,630,690,531,432,768,913,993,838,677,630,433,375,294,176,88,31,6,2,10451,479,726,752,626,692,525,430,769,900,986,839,681,621,453,371,299,172,90,32,6,2,10424,470,714,758,614,700,528,416,762,903,982,846,687,613,456,373,299,171,92,32,6,2
서홍동,남자인구수 (명),5193,236,369,375,316,367,275,206,367,447,514,440,362,310,202,176,136,65,24,5,1,0,5190,238,370,371,317,369,273,205,374,437,508,435,366,305,215,174,138,64,25,5,1,0,5172,233,368,374,311,374,278,199,368,432,503,439,369,300,215,177,137,63,25,6,1,0
서홍동,여자인구수 (명),5277,243,356,384,314,323,256,226,401,466,479,398,315,320,231,199,158,111,64,26,5,2,5261,241,356,381,309,323,252,225,395,463,478,404,315,316,238,197,161,108,65,27,5,2,5252,237,346,384,303,326,250,217,394,471,479,407,318,313,241,196,162,108,67,26,5,2
대륜동,총인구수 (명),14492,782,767,655,616,733,801,932,1247,1208,1291,1091,1092,1056,707,596,436,261,158,36,21,6,14464,774,775,647,613,709,812,931,1255,1192,1276,1090,1085,1041,738,599,432,273,157,38,21,6,14461,777,788,645,604,710,796,938,1249,1186,1276,1108,1072,1037,743,598,437,279,152,40,20,6
대륜동,남자인구수 (명),7317,423,393,356,323,395,394,461,629,651,694,574,544,510,347,285,181,99,48,6,4,0,7299,417,398,351,320,381,404,458,636,638,688,570,539,508,365,282,180,105,49,6,4,0,7311,421,410,348,315,384,396,466,630,631,690,583,530,507,370,282,182,107,49,6,4,0
대륜동,여자인구수 (명),7175,359,374,299,293,338,407,471,618,557,597,517,548,546,360,311,255,162,110,30,17,6,7165,357,377,296,293,328,408,473,619,554,588,520,546,533,373,317,252,168,108,32,17,6,7150,356,378,297,289,326,400,472,619,555,586,525,542,530,373,316,255,172,103,34,16,6
대천동,총인구수 (명),13790,850,846,653,597,702,776,924,1363,1200,1224,1050,961,826,593,470,327,238,129,47,12,2,13757,821,856,661,596,700,780,910,1347,1211,1202,1062,945,835,599,475,328,229,135,50,12,3,13839,811,865,669,605,710,769,899,1357,1232,1221,1060,955,841,603,477,340,222,138,51,11,3
대천동,남자인구수 (명),7015,462,432,344,310,380,366,451,676,641,667,576,501,423,287,234,140,79,35,10,1,0,6988,445,440,346,315,368,376,448,657,650,654,576,494,428,287,239,142,76,36,9,2,0,7037,437,447,353,319,376,373,441,670,654,662,575,499,435,291,235,152,70,39,8,1,0
대천동,여자인구수 (명),6775,388,414,309,287,322,410,473,687,559,557,474,460,403,306,236,187,159,94,37,11,2,6769,376,416,315,281,332,404,462,690,561,548,486,451,407,312,236,186,153,99,41,10,3,6802,374,418,316,286,334,396,458,687,578,559,485,456,406,312,242,188,152,99,43,10,3
중문동,총인구수 (명),11371,416,590,578,574,646,675,647,878,914,1067,977,836,740,530,452,349,307,129,46,13,7,11376,416,586,577,579,635,674,636,886,923,1068,980,836,740,530,452,353,309,131,45,13,7,11390,409,590,575,576,641,665,658,873,924,1069,986,836,734,539,452,356,309,134,46,11,7
중문동,남자인구수 (명),5838,205,297,298,291,329,360,350,446,477,619,538,442,387,264,222,148,116,39,8,1,1,5866,204,299,299,295,330,363,339,457,480,624,544,443,386,265,221,153,116,38,8,1,1,5864,204,300,297,291,331,361,349,448,481,619,551,440,381,268,223,156,113,41,8,1,1
중문동,여자인구수 (명),5533,211,293,280,283,317,315,297,432,437,448,439,394,353,266,230,201,191,90,38,12,6,5510,212,287,278,284,305,311,297,429,443,444,436,393,354,265,231,200,193,93,37,12,6,5526,205,290,278,285,310,304,309,425,443,450,435,396,353,271,229,200,196,93,38,10,6
예래동,총인구수 (명),3978,119,142,127,142,231,286,230,251,273,287,325,376,339,214,206,154,139,89,34,10,4,3964,112,142,125,140,240,274,229,246,271,281,329,373,336,224,210,152,139,92,34,11,4,3954,113,138,133,139,234,269,221,249,266,280,331,362,346,228,210,155,136,96,33,11,4
예래동,남자인구수 (명),2021,65,69,58,80,101,161,120,139,156,163,186,197,184,112,95,62,48,19,6,0,0,2016,64,67,56,80,107,153,121,140,154,159,186,197,181,116,99,62,47,21,6,0,0,2031,64,65,60,82,105,152,118,148,152,159,188,193,189,117,101,63,48,21,6,0,0
예래동,여자인구수 (명),1957,54,73,69,62,130,125,110,112,117,124,139,179,155,102,111,92,91,70,28,10,4,1948,48,75,69,60,133,121,108,106,117,122,143,176,155,108,111,90,92,71,28,11,4,1923,49,73,73,57,129,117,103,101,114,121,143,169,157,111,109,92,88,75,27,11,4
